ip,port,name,address,company,reponseTime,time
121.232.148.170,9000,高匿名,HTTP,中国 江苏省 镇江市 电信,1秒,2019-04-17 17:31:01
121.232.194.147,9000,高匿名,HTTP,中国 江苏省 镇江市 电信,3秒,2019-04-17 08:31:01
121.232.148.170,9000,高匿名,HTTP,中国 江苏省 镇江市 电信,1秒,2019-04-17 17:31:01
163.204.240.181,9999,高匿名,HTTP,广东省汕尾市  联通,1秒,2019-04-17 06:30:59
118.24.61.165,8118,高匿名,HTTP,中国 四川 成都 电信,2秒,2019-04-17 16:30:58
60.13.42.24,9999,高匿名,HTTP,甘肃省平凉市  联通,1秒,2019-04-17 07:30:57
121.232.194.147,9000,高匿名,HTTP,中国 江苏省 镇江市 电信,3秒,2019-04-17 08:31:01
60.13.42.24,9999,高匿名,HTTP,甘肃省平凉市  联通,1秒,2019-04-17 07:30:57
116.209.52.170,9999,高匿名,HTTP,湖北省仙桃市  电信,1秒,2019-04-17 18:31:01
116.209.52.170,9999,高匿名,HTTP,湖北省仙桃市  电信,1秒,2019-04-17 18:31:01
123.146.236.195,53281,高匿名,HTTP,重庆市重庆市  联通,1秒,2019-04-17 12:30:57
115.151.7.181,9999,高匿名,HTTP,江西省宜春市  电信,1秒,2019-04-17 11:30:59
122.243.13.83,9000,高匿名,HTTP,浙江省金华市  电信,2秒,2019-04-17 10:30:57
121.232.148.151,9000,高匿名,HTTP,中国 江苏省 镇江市 电信,1秒,2019-04-17 14:31:00
121.232.148.170,9000,高匿名,HTTP,中国 江苏省 镇江市 电信,1秒,2019-04-17 17:31:01
110.52.235.2,9999,高匿名,HTTP,湖南省岳阳市  联通,0.6秒,2019-04-17 20:31:01
110.52.235.2,9999,高匿名,HTTP,湖南省岳阳市  联通,0.6秒,2019-04-17 20:31:01
121.232.194.147,9000,高匿名,HTTP,中国 江苏省 镇江市 电信,3秒,2019-04-17 08:31:01
123.146.236.195,53281,高匿名,HTTP,重庆市重庆市  联通,3秒,2019-04-17 15:30:51
110.52.235.2,9999,高匿名,HTTP,湖南省岳阳市  联通,0.6秒,2019-04-17 20:31:01
163.125.31.110,8118,高匿名,HTTP,中国 广东省 深圳市 联通,1.0秒,2019-04-17 13:31:00
121.232.194.147,9000,高匿名,HTTP,中国 江苏省 镇江市 电信,3秒,2019-04-17 08:31:01
60.13.42.24,9999,高匿名,HTTP,甘肃省平凉市  联通,1秒,2019-04-17 07:30:57
60.13.42.24,9999,高匿名,HTTP,甘肃省平凉市  联通,1秒,2019-04-17 07:30:57
121.232.148.151,9000,高匿名,HTTP,中国 江苏省 镇江市 电信,1秒,2019-04-17 14:31:00
116.209.52.245,9999,高匿名,HTTP,湖北省仙桃市  电信,3秒,2019-04-17 19:31:01
123.146.236.195,53281,高匿名,HTTP,重庆市重庆市  联通,3秒,2019-04-17 15:30:51
163.204.240.181,9999,高匿名,HTTP,广东省汕尾市  联通,1秒,2019-04-17 06:30:59
123.146.236.195,53281,高匿名,HTTP,重庆市重庆市  联通,3秒,2019-04-17 15:30:51
121.232.148.151,9000,高匿名,HTTP,中国 江苏省 镇江市 电信,1秒,2019-04-17 14:31:00
121.232.148.170,9000,高匿名,HTTP,中国 江苏省 镇江市 电信,1秒,2019-04-17 17:31:01
121.232.148.151,9000,高匿名,HTTP,中国 江苏省 镇江市 电信,1秒,2019-04-17 14:31:00
123.146.236.195,53281,高匿名,HTTP,重庆市重庆市  联通,1秒,2019-04-17 12:30:57
163.204.240.181,9999,高匿名,HTTP,广东省汕尾市  联通,1秒,2019-04-17 06:30:59
123.146.236.195,53281,高匿名,HTTP,重庆市重庆市  联通,1秒,2019-04-17 12:30:57
115.151.7.181,9999,高匿名,HTTP,江西省宜春市  电信,1秒,2019-04-17 11:30:59
122.243.13.83,9000,高匿名,HTTP,浙江省金华市  电信,2秒,2019-04-17 10:30:57
221.233.44.88,9999,高匿名,HTTP,湖北省荆州市  电信,2秒,2019-04-17 09:30:59
60.13.42.24,9999,高匿名,HTTP,甘肃省平凉市  联通,1秒,2019-04-17 07:30:57
123.146.236.195,53281,高匿名,HTTP,重庆市重庆市  联通,3秒,2019-04-17 15:30:51
163.204.240.181,9999,高匿名,HTTP,广东省汕尾市  联通,1秒,2019-04-17 06:30:59
122.243.13.83,9000,高匿名,HTTP,浙江省金华市  电信,2秒,2019-04-17 10:30:57
122.243.13.83,9000,高匿名,HTTP,浙江省金华市  电信,2秒,2019-04-17 10:30:57
116.209.52.245,9999,高匿名,HTTP,湖北省仙桃市  电信,3秒,2019-04-17 19:31:01
115.151.7.181,9999,高匿名,HTTP,江西省宜春市  电信,1秒,2019-04-17 11:30:59
116.209.52.245,9999,高匿名,HTTP,湖北省仙桃市  电信,3秒,2019-04-17 19:31:01
122.243.13.83,9000,高匿名,HTTP,浙江省金华市  电信,2秒,2019-04-17 10:30:57
110.52.235.2,9999,高匿名,HTTP,湖南省岳阳市  联通,0.6秒,2019-04-17 20:31:01
163.125.31.110,8118,高匿名,HTTP,中国 广东省 深圳市 联通,1.0秒,2019-04-17 13:31:00
123.146.236.195,53281,高匿名,HTTP,重庆市重庆市  联通,3秒,2019-04-17 15:30:51
110.52.235.2,9999,高匿名,HTTP,湖南省岳阳市  联通,0.6秒,2019-04-17 20:31:01
115.151.7.181,9999,高匿名,HTTP,江西省宜春市  电信,1秒,2019-04-17 11:30:59
163.125.31.110,8118,高匿名,HTTP,中国 广东省 深圳市 联通,1.0秒,2019-04-17 13:31:00
123.146.236.195,53281,高匿名,HTTP,重庆市重庆市  联通,1秒,2019-04-17 12:30:57
163.125.31.110,8118,高匿名,HTTP,中国 广东省 深圳市 联通,1.0秒,2019-04-17 13:31:00
123.146.236.195,53281,高匿名,HTTP,重庆市重庆市  联通,3秒,2019-04-17 15:30:51
60.13.42.24,9999,高匿名,HTTP,甘肃省平凉市  联通,1秒,2019-04-17 07:30:57
121.232.148.151,9000,高匿名,HTTP,中国 江苏省 镇江市 电信,1秒,2019-04-17 14:31:00
121.232.148.170,9000,高匿名,HTTP,中国 江苏省 镇江市 电信,1秒,2019-04-17 17:31:01
123.146.236.195,53281,高匿名,HTTP,重庆市重庆市  联通,1秒,2019-04-17 12:30:57
163.125.31.110,8118,高匿名,HTTP,中国 广东省 深圳市 联通,1.0秒,2019-04-17 13:31:00
118.24.61.165,8118,高匿名,HTTP,中国 四川 成都 电信,2秒,2019-04-17 16:30:58
121.232.148.151,9000,高匿名,HTTP,中国 江苏省 镇江市 电信,1秒,2019-04-17 14:31:00
116.209.52.245,9999,高匿名,HTTP,湖北省仙桃市  电信,3秒,2019-04-17 19:31:01
116.209.52.170,9999,高匿名,HTTP,湖北省仙桃市  电信,1秒,2019-04-17 18:31:01
116.209.52.170,9999,高匿名,HTTP,湖北省仙桃市  电信,1秒,2019-04-17 18:31:01
221.233.44.88,9999,高匿名,HTTP,湖北省荆州市  电信,2秒,2019-04-17 09:30:59
116.209.52.170,9999,高匿名,HTTP,湖北省仙桃市  电信,1秒,2019-04-17 18:31:01
116.209.52.245,9999,高匿名,HTTP,湖北省仙桃市  电信,3秒,2019-04-17 19:31:01
115.151.7.181,9999,高匿名,HTTP,江西省宜春市  电信,1秒,2019-04-17 11:30:59
115.151.7.181,9999,高匿名,HTTP,江西省宜春市  电信,1秒,2019-04-17 11:30:59
163.204.240.181,9999,高匿名,HTTP,广东省汕尾市  联通,1秒,2019-04-17 06:30:59
116.209.52.245,9999,高匿名,HTTP,湖北省仙桃市  电信,3秒,2019-04-17 19:31:01
123.146.236.195,53281,高匿名,HTTP,重庆市重庆市  联通,3秒,2019-04-17 15:30:51
121.232.148.170,9000,高匿名,HTTP,中国 江苏省 镇江市 电信,1秒,2019-04-17 17:31:01
163.204.240.181,9999,高匿名,HTTP,广东省汕尾市  联通,1秒,2019-04-17 06:30:59
60.13.42.24,9999,高匿名,HTTP,甘肃省平凉市  联通,1秒,2019-04-17 07:30:57
121.232.194.147,9000,高匿名,HTTP,中国 江苏省 镇江市 电信,3秒,2019-04-17 08:31:01
116.209.52.245,9999,高匿名,HTTP,湖北省仙桃市  电信,3秒,2019-04-17 19:31:01
163.125.31.110,8118,高匿名,HTTP,中国 广东省 深圳市 联通,1.0秒,2019-04-17 13:31:00
123.146.236.195,53281,高匿名,HTTP,重庆市重庆市  联通,1秒,2019-04-17 12:30:57
121.232.148.151,9000,高匿名,HTTP,中国 江苏省 镇江市 电信,1秒,2019-04-17 14:31:00
122.243.13.83,9000,高匿名,HTTP,浙江省金华市  电信,2秒,2019-04-17 10:30:57
122.243.13.83,9000,高匿名,HTTP,浙江省金华市  电信,2秒,2019-04-17 10:30:57
116.209.52.245,9999,高匿名,HTTP,湖北省仙桃市  电信,3秒,2019-04-17 19:31:01
116.209.52.170,9999,高匿名,HTTP,湖北省仙桃市  电信,1秒,2019-04-17 18:31:01
116.209.52.170,9999,高匿名,HTTP,湖北省仙桃市  电信,1秒,2019-04-17 18:31:01
121.232.194.147,9000,高匿名,HTTP,中国 江苏省 镇江市 电信,3秒,2019-04-17 08:31:01
116.209.52.170,9999,高匿名,HTTP,湖北省仙桃市  电信,1秒,2019-04-17 18:31:01
116.209.52.245,9999,高匿名,HTTP,湖北省仙桃市  电信,3秒,2019-04-17 19:31:01
221.233.44.88,9999,高匿名,HTTP,湖北省荆州市  电信,2秒,2019-04-17 09:30:59
60.13.42.24,9999,高匿名,HTTP,甘肃省平凉市  联通,1秒,2019-04-17 07:30:57
121.232.148.151,9000,高匿名,HTTP,中国 江苏省 镇江市 电信,1秒,2019-04-17 14:31:00
221.233.44.88,9999,高匿名,HTTP,湖北省荆州市  电信,2秒,2019-04-17 09:30:59
116.209.52.170,9999,高匿名,HTTP,湖北省仙桃市  电信,1秒,2019-04-17 18:31:01
121.232.194.147,9000,高匿名,HTTP,中国 江苏省 镇江市 电信,3秒,2019-04-17 08:31:01
116.209.52.245,9999,高匿名,HTTP,湖北省仙桃市  电信,3秒,2019-04-17 19:31:01
118.24.61.165,8118,高匿名,HTTP,中国 四川 成都 电信,2秒,2019-04-17 16:30:58
115.151.7.181,9999,高匿名,HTTP,江西省宜春市  电信,1秒,2019-04-17 11:30:59
110.52.235.2,9999,高匿名,HTTP,湖南省岳阳市  联通,0.6秒,2019-04-17 20:31:01
121.232.148.170,9000,高匿名,HTTP,中国 江苏省 镇江市 电信,1秒,2019-04-17 17:31:01
116.209.52.170,9999,高匿名,HTTP,湖北省仙桃市  电信,1秒,2019-04-17 18:31:01
163.125.31.110,8118,高匿名,HTTP,中国 广东省 深圳市 联通,1.0秒,2019-04-17 13:31:00
123.146.236.195,53281,高匿名,HTTP,重庆市重庆市  联通,1秒,2019-04-17 12:30:57
121.232.194.147,9000,高匿名,HTTP,中国 江苏省 镇江市 电信,3秒,2019-04-17 08:31:01
116.209.52.245,9999,高匿名,HTTP,湖北省仙桃市  电信,3秒,2019-04-17 19:31:01
60.13.42.24,9999,高匿名,HTTP,甘肃省平凉市  联通,1秒,2019-04-17 07:30:57
121.232.194.147,9000,高匿名,HTTP,中国 江苏省 镇江市 电信,3秒,2019-04-17 08:31:01
116.209.52.170,9999,高匿名,HTTP,湖北省仙桃市  电信,1秒,2019-04-17 18:31:01
123.146.236.195,53281,高匿名,HTTP,重庆市重庆市  联通,1秒,2019-04-17 12:30:57
122.243.13.83,9000,高匿名,HTTP,浙江省金华市  电信,2秒,2019-04-17 10:30:57
121.232.148.170,9000,高匿名,HTTP,中国 江苏省 镇江市 电信,1秒,2019-04-17 17:31:01
118.24.61.165,8118,高匿名,HTTP,中国 四川 成都 电信,2秒,2019-04-17 16:30:58
123.146.236.195,53281,高匿名,HTTP,重庆市重庆市  联通,3秒,2019-04-17 15:30:51
163.125.31.110,8118,高匿名,HTTP,中国 广东省 深圳市 联通,1.0秒,2019-04-17 13:31:00
163.204.240.181,9999,高匿名,HTTP,广东省汕尾市  联通,1秒,2019-04-17 06:30:59
110.52.235.2,9999,高匿名,HTTP,湖南省岳阳市  联通,0.6秒,2019-04-17 20:31:01
123.146.236.195,53281,高匿名,HTTP,重庆市重庆市  联通,3秒,2019-04-17 15:30:51
116.209.52.170,9999,高匿名,HTTP,湖北省仙桃市  电信,1秒,2019-04-17 18:31:01
121.232.148.151,9000,高匿名,HTTP,中国 江苏省 镇江市 电信,1秒,2019-04-17 14:31:00
123.146.236.195,53281,高匿名,HTTP,重庆市重庆市  联通,3秒,2019-04-17 15:30:51
121.232.148.151,9000,高匿名,HTTP,中国 江苏省 镇江市 电信,1秒,2019-04-17 14:31:00
60.13.42.24,9999,高匿名,HTTP,甘肃省平凉市  联通,1秒,2019-04-17 07:30:57
110.52.235.2,9999,高匿名,HTTP,湖南省岳阳市  联通,0.6秒,2019-04-17 20:31:01
60.13.42.24,9999,高匿名,HTTP,甘肃省平凉市  联通,1秒,2019-04-17 07:30:57
121.232.148.170,9000,高匿名,HTTP,中国 江苏省 镇江市 电信,1秒,2019-04-17 17:31:01
118.24.61.165,8118,高匿名,HTTP,中国 四川 成都 电信,2秒,2019-04-17 16:30:58
121.232.148.151,9000,高匿名,HTTP,中国 江苏省 镇江市 电信,1秒,2019-04-17 14:31:00
123.146.236.195,53281,高匿名,HTTP,重庆市重庆市  联通,3秒,2019-04-17 15:30:51
221.233.44.88,9999,高匿名,HTTP,湖北省荆州市  电信,2秒,2019-04-17 09:30:59
118.24.61.165,8118,高匿名,HTTP,中国 四川 成都 电信,2秒,2019-04-17 16:30:58
122.243.13.83,9000,高匿名,HTTP,浙江省金华市  电信,2秒,2019-04-17 10:30:57
163.204.240.181,9999,高匿名,HTTP,广东省汕尾市  联通,1秒,2019-04-17 06:30:59
115.151.7.181,9999,高匿名,HTTP,江西省宜春市  电信,1秒,2019-04-17 11:30:59
121.232.148.151,9000,高匿名,HTTP,中国 江苏省 镇江市 电信,1秒,2019-04-17 14:31:00
115.151.7.181,9999,高匿名,HTTP,江西省宜春市  电信,1秒,2019-04-17 11:30:59
121.232.194.147,9000,高匿名,HTTP,中国 江苏省 镇江市 电信,3秒,2019-04-17 08:31:01
110.52.235.2,9999,高匿名,HTTP,湖南省岳阳市  联通,0.6秒,2019-04-17 20:31:01
118.24.61.165,8118,高匿名,HTTP,中国 四川 成都 电信,2秒,2019-04-17 16:30:58
123.146.236.195,53281,高匿名,HTTP,重庆市重庆市  联通,3秒,2019-04-17 15:30:51
118.24.61.165,8118,高匿名,HTTP,中国 四川 成都 电信,2秒,2019-04-17 16:30:58
116.209.52.170,9999,高匿名,HTTP,湖北省仙桃市  电信,1秒,2019-04-17 18:31:01
123.146.236.195,53281,高匿名,HTTP,重庆市重庆市  联通,1秒,2019-04-17 12:30:57
116.209.52.245,9999,高匿名,HTTP,湖北省仙桃市  电信,3秒,2019-04-17 19:31:01
123.146.236.195,53281,高匿名,HTTP,重庆市重庆市  联通,1秒,2019-04-17 12:30:57
60.13.42.24,9999,高匿名,HTTP,甘肃省平凉市  联通,1秒,2019-04-17 07:30:57
118.24.61.165,8118,高匿名,HTTP,中国 四川 成都 电信,2秒,2019-04-17 16:30:58
123.146.236.195,53281,高匿名,HTTP,重庆市重庆市  联通,1秒,2019-04-17 12:30:57
116.209.52.170,9999,高匿名,HTTP,湖北省仙桃市  电信,1秒,2019-04-17 18:31:01
118.24.61.165,8118,高匿名,HTTP,中国 四川 成都 电信,2秒,2019-04-17 16:30:58
123.146.236.195,53281,高匿名,HTTP,重庆市重庆市  联通,1秒,2019-04-17 12:30:57
60.13.42.24,9999,高匿名,HTTP,甘肃省平凉市  联通,1秒,2019-04-17 07:30:57
118.24.61.165,8118,高匿名,HTTP,中国 四川 成都 电信,2秒,2019-04-17 16:30:58
110.52.235.2,9999,高匿名,HTTP,湖南省岳阳市  联通,0.6秒,2019-04-17 20:31:01
121.232.148.151,9000,高匿名,HTTP,中国 江苏省 镇江市 电信,1秒,2019-04-17 14:31:00
115.151.7.181,9999,高匿名,HTTP,江西省宜春市  电信,1秒,2019-04-17 11:30:59
121.232.194.147,9000,高匿名,HTTP,中国 江苏省 镇江市 电信,3秒,2019-04-17 08:31:01
115.151.7.181,9999,高匿名,HTTP,江西省宜春市  电信,1秒,2019-04-17 11:30:59
110.52.235.2,9999,高匿名,HTTP,湖南省岳阳市  联通,0.6秒,2019-04-17 20:31:01
121.232.194.147,9000,高匿名,HTTP,中国 江苏省 镇江市 电信,3秒,2019-04-17 08:31:01
123.146.236.195,53281,高匿名,HTTP,重庆市重庆市  联通,1秒,2019-04-17 12:30:57
115.151.7.181,9999,高匿名,HTTP,江西省宜春市  电信,1秒,2019-04-17 11:30:59
163.204.240.181,9999,高匿名,HTTP,广东省汕尾市  联通,1秒,2019-04-17 06:30:59
163.204.240.181,9999,高匿名,HTTP,广东省汕尾市  联通,1秒,2019-04-17 06:30:59
110.52.235.2,9999,高匿名,HTTP,湖南省岳阳市  联通,0.6秒,2019-04-17 20:31:01
163.125.31.110,8118,高匿名,HTTP,中国 广东省 深圳市 联通,1.0秒,2019-04-17 13:31:00
122.243.13.83,9000,高匿名,HTTP,浙江省金华市  电信,2秒,2019-04-17 10:30:57
163.125.31.110,8118,高匿名,HTTP,中国 广东省 深圳市 联通,1.0秒,2019-04-17 13:31:00
121.232.148.170,9000,高匿名,HTTP,中国 江苏省 镇江市 电信,1秒,2019-04-17 17:31:01
123.146.236.195,53281,高匿名,HTTP,重庆市重庆市  联通,3秒,2019-04-17 15:30:51
163.204.240.181,9999,高匿名,HTTP,广东省汕尾市  联通,1秒,2019-04-17 06:30:59
123.146.236.195,53281,高匿名,HTTP,重庆市重庆市  联通,3秒,2019-04-17 15:30:51
118.24.61.165,8118,高匿名,HTTP,中国 四川 成都 电信,2秒,2019-04-17 16:30:58
163.204.240.181,9999,高匿名,HTTP,广东省汕尾市  联通,1秒,2019-04-17 06:30:59
123.146.236.195,53281,高匿名,HTTP,重庆市重庆市  联通,3秒,2019-04-17 15:30:51
115.151.7.181,9999,高匿名,HTTP,江西省宜春市  电信,1秒,2019-04-17 11:30:59
116.209.52.245,9999,高匿名,HTTP,湖北省仙桃市  电信,3秒,2019-04-17 19:31:01
221.233.44.88,9999,高匿名,HTTP,湖北省荆州市  电信,2秒,2019-04-17 09:30:59
110.52.235.2,9999,高匿名,HTTP,湖南省岳阳市  联通,0.6秒,2019-04-17 20:31:01
163.125.31.110,8118,高匿名,HTTP,中国 广东省 深圳市 联通,1.0秒,2019-04-17 13:31:00
221.233.44.88,9999,高匿名,HTTP,湖北省荆州市  电信,2秒,2019-04-17 09:30:59
118.24.61.165,8118,高匿名,HTTP,中国 四川 成都 电信,2秒,2019-04-17 16:30:58
122.243.13.83,9000,高匿名,HTTP,浙江省金华市  电信,2秒,2019-04-17 10:30:57
116.209.52.170,9999,高匿名,HTTP,湖北省仙桃市  电信,1秒,2019-04-17 18:31:01
123.146.236.195,53281,高匿名,HTTP,重庆市重庆市  联通,3秒,2019-04-17 15:30:51
115.151.7.181,9999,高匿名,HTTP,江西省宜春市  电信,1秒,2019-04-17 11:30:59
121.232.148.151,9000,高匿名,HTTP,中国 江苏省 镇江市 电信,1秒,2019-04-17 14:31:00
221.233.44.88,9999,高匿名,HTTP,湖北省荆州市  电信,2秒,2019-04-17 09:30:59
121.232.148.170,9000,高匿名,HTTP,中国 江苏省 镇江市 电信,1秒,2019-04-17 17:31:01
121.232.194.147,9000,高匿名,HTTP,中国 江苏省 镇江市 电信,3秒,2019-04-17 08:31:01
122.243.13.83,9000,高匿名,HTTP,浙江省金华市  电信,2秒,2019-04-17 10:30:57
163.204.240.181,9999,高匿名,HTTP,广东省汕尾市  联通,1秒,2019-04-17 06:30:59
115.151.7.181,9999,高匿名,HTTP,江西省宜春市  电信,1秒,2019-04-17 11:30:59
118.24.61.165,8118,高匿名,HTTP,中国 四川 成都 电信,2秒,2019-04-17 16:30:58
116.209.52.245,9999,高匿名,HTTP,湖北省仙桃市  电信,3秒,2019-04-17 19:31:01
60.13.42.24,9999,高匿名,HTTP,甘肃省平凉市  联通,1秒,2019-04-17 07:30:57
122.243.13.83,9000,高匿名,HTTP,浙江省金华市  电信,2秒,2019-04-17 10:30:57
116.209.52.245,9999,高匿名,HTTP,湖北省仙桃市  电信,3秒,2019-04-17 19:31:01
221.233.44.88,9999,高匿名,HTTP,湖北省荆州市  电信,2秒,2019-04-17 09:30:59
122.243.13.83,9000,高匿名,HTTP,浙江省金华市  电信,2秒,2019-04-17 10:30:57
122.243.13.83,9000,高匿名,HTTP,浙江省金华市  电信,2秒,2019-04-17 10:30:57
121.232.194.147,9000,高匿名,HTTP,中国 江苏省 镇江市 电信,3秒,2019-04-17 08:31:01
121.232.194.147,9000,高匿名,HTTP,中国 江苏省 镇江市 电信,3秒,2019-04-17 08:31:01
163.125.31.110,8118,高匿名,HTTP,中国 广东省 深圳市 联通,1.0秒,2019-04-17 13:31:00
121.232.148.170,9000,高匿名,HTTP,中国 江苏省 镇江市 电信,1秒,2019-04-17 17:31:01
121.232.148.170,9000,高匿名,HTTP,中国 江苏省 镇江市 电信,1秒,2019-04-17 17:31:01
122.243.13.83,9000,高匿名,HTTP,浙江省金华市  电信,2秒,2019-04-17 10:30:57
122.243.13.83,9000,高匿名,HTTP,浙江省金华市  电信,2秒,2019-04-17 10:30:57
123.146.236.195,53281,高匿名,HTTP,重庆市重庆市  联通,1秒,2019-04-17 12:30:57
123.146.236.195,53281,高匿名,HTTP,重庆市重庆市  联通,3秒,2019-04-17 15:30:51
123.146.236.195,53281,高匿名,HTTP,重庆市重庆市  联通,1秒,2019-04-17 12:30:57
115.151.7.181,9999,高匿名,HTTP,江西省宜春市  电信,1秒,2019-04-17 11:30:59
163.204.240.181,9999,高匿名,HTTP,广东省汕尾市  联通,1秒,2019-04-17 06:30:59
116.209.52.245,9999,高匿名,HTTP,湖北省仙桃市  电信,3秒,2019-04-17 19:31:01
121.232.148.170,9000,高匿名,HTTP,中国 江苏省 镇江市 电信,1秒,2019-04-17 17:31:01
163.125.31.110,8118,高匿名,HTTP,中国 广东省 深圳市 联通,1.0秒,2019-04-17 13:31:00
121.232.148.170,9000,高匿名,HTTP,中国 江苏省 镇江市 电信,1秒,2019-04-17 17:31:01
121.232.194.147,9000,高匿名,HTTP,中国 江苏省 镇江市 电信,3秒,2019-04-17 08:31:01
163.125.31.110,8118,高匿名,HTTP,中国 广东省 深圳市 联通,1.0秒,2019-04-17 13:31:00
116.209.52.170,9999,高匿名,HTTP,湖北省仙桃市  电信,1秒,2019-04-17 18:31:01
163.125.31.110,8118,高匿名,HTTP,中国 广东省 深圳市 联通,1.0秒,2019-04-17 13:31:00
115.151.7.181,9999,高匿名,HTTP,江西省宜春市  电信,1秒,2019-04-17 11:30:59
60.13.42.24,9999,高匿名,HTTP,甘肃省平凉市  联通,1秒,2019-04-17 07:30:57
121.232.194.147,9000,高匿名,HTTP,中国 江苏省 镇江市 电信,3秒,2019-04-17 08:31:01
121.232.148.170,9000,高匿名,HTTP,中国 江苏省 镇江市 电信,1秒,2019-04-17 17:31:01
118.24.61.165,8118,高匿名,HTTP,中国 四川 成都 电信,2秒,2019-04-17 16:30:58
123.146.236.195,53281,高匿名,HTTP,重庆市重庆市  联通,3秒,2019-04-17 15:30:51
163.204.240.181,9999,高匿名,HTTP,广东省汕尾市  联通,1秒,2019-04-17 06:30:59
163.125.31.110,8118,高匿名,HTTP,中国 广东省 深圳市 联通,1.0秒,2019-04-17 13:31:00
221.233.44.88,9999,高匿名,HTTP,湖北省荆州市  电信,2秒,2019-04-17 09:30:59
110.52.235.2,9999,高匿名,HTTP,湖南省岳阳市  联通,0.6秒,2019-04-17 20:31:01
163.204.240.181,9999,高匿名,HTTP,广东省汕尾市  联通,1秒,2019-04-17 06:30:59
60.13.42.24,9999,高匿名,HTTP,甘肃省平凉市  联通,1秒,2019-04-17 07:30:57
121.232.148.170,9000,高匿名,HTTP,中国 江苏省 镇江市 电信,1秒,2019-04-17 17:31:01
121.232.148.170,9000,高匿名,HTTP,中国 江苏省 镇江市 电信,1秒,2019-04-17 17:31:01
60.13.42.24,9999,高匿名,HTTP,甘肃省平凉市  联通,1秒,2019-04-17 07:30:57
121.232.194.147,9000,高匿名,HTTP,中国 江苏省 镇江市 电信,3秒,2019-04-17 08:31:01
221.233.44.88,9999,高匿名,HTTP,湖北省荆州市  电信,2秒,2019-04-17 09:30:59
163.125.31.110,8118,高匿名,HTTP,中国 广东省 深圳市 联通,1.0秒,2019-04-17 13:31:00
110.52.235.2,9999,高匿名,HTTP,湖南省岳阳市  联通,0.6秒,2019-04-17 20:31:01
121.232.194.147,9000,高匿名,HTTP,中国 江苏省 镇江市 电信,3秒,2019-04-17 08:31:01
121.232.148.170,9000,高匿名,HTTP,中国 江苏省 镇江市 电信,1秒,2019-04-17 17:31:01
110.52.235.2,9999,高匿名,HTTP,湖南省岳阳市  联通,0.6秒,2019-04-17 20:31:01
122.243.13.83,9000,高匿名,HTTP,浙江省金华市  电信,2秒,2019-04-17 10:30:57
118.24.61.165,8118,高匿名,HTTP,中国 四川 成都 电信,2秒,2019-04-17 16:30:58
116.209.52.170,9999,高匿名,HTTP,湖北省仙桃市  电信,1秒,2019-04-17 18:31:01
118.24.61.165,8118,高匿名,HTTP,中国 四川 成都 电信,2秒,2019-04-17 16:30:58
118.24.61.165,8118,高匿名,HTTP,中国 四川 成都 电信,2秒,2019-04-17 16:30:58
221.233.44.88,9999,高匿名,HTTP,湖北省荆州市  电信,2秒,2019-04-17 09:30:59
118.24.61.165,8118,高匿名,HTTP,中国 四川 成都 电信,2秒,2019-04-17 16:30:58
110.52.235.2,9999,高匿名,HTTP,湖南省岳阳市  联通,0.6秒,2019-04-17 20:31:01
121.232.148.151,9000,高匿名,HTTP,中国 江苏省 镇江市 电信,1秒,2019-04-17 14:31:00
123.146.236.195,53281,高匿名,HTTP,重庆市重庆市  联通,1秒,2019-04-17 12:30:57
123.146.236.195,53281,高匿名,HTTP,重庆市重庆市  联通,1秒,2019-04-17 12:30:57
221.233.44.88,9999,高匿名,HTTP,湖北省荆州市  电信,2秒,2019-04-17 09:30:59
221.233.44.88,9999,高匿名,HTTP,湖北省荆州市  电信,2秒,2019-04-17 09:30:59
115.151.7.181,9999,高匿名,HTTP,江西省宜春市  电信,1秒,2019-04-17 11:30:59
116.209.52.170,9999,高匿名,HTTP,湖北省仙桃市  电信,1秒,2019-04-17 18:31:01
163.204.240.181,9999,高匿名,HTTP,广东省汕尾市  联通,1秒,2019-04-17 06:30:59
163.204.240.181,9999,高匿名,HTTP,广东省汕尾市  联通,1秒,2019-04-17 06:30:59
118.24.61.165,8118,高匿名,HTTP,中国 四川 成都 电信,2秒,2019-04-17 16:30:58
123.146.236.195,53281,高匿名,HTTP,重庆市重庆市  联通,1秒,2019-04-17 12:30:57
116.209.52.170,9999,高匿名,HTTP,湖北省仙桃市  电信,1秒,2019-04-17 18:31:01
221.233.44.88,9999,高匿名,HTTP,湖北省荆州市  电信,2秒,2019-04-17 09:30:59
60.13.42.24,9999,高匿名,HTTP,甘肃省平凉市  联通,1秒,2019-04-17 07:30:57
163.125.31.110,8118,高匿名,HTTP,中国 广东省 深圳市 联通,1.0秒,2019-04-17 13:31:00
116.209.52.245,9999,高匿名,HTTP,湖北省仙桃市  电信,3秒,2019-04-17 19:31:01
123.146.236.195,53281,高匿名,HTTP,重庆市重庆市  联通,3秒,2019-04-17 15:30:51
121.232.148.170,9000,高匿名,HTTP,中国 江苏省 镇江市 电信,1秒,2019-04-17 17:31:01
115.151.7.181,9999,高匿名,HTTP,江西省宜春市  电信,1秒,2019-04-17 11:30:59
116.209.52.245,9999,高匿名,HTTP,湖北省仙桃市  电信,3秒,2019-04-17 19:31:01
60.13.42.24,9999,高匿名,HTTP,甘肃省平凉市  联通,1秒,2019-04-17 07:30:57
221.233.44.88,9999,高匿名,HTTP,湖北省荆州市  电信,2秒,2019-04-17 09:30:59
123.146.236.195,53281,高匿名,HTTP,重庆市重庆市  联通,3秒,2019-04-17 15:30:51
221.233.44.88,9999,高匿名,HTTP,湖北省荆州市  电信,2秒,2019-04-17 09:30:59
163.204.240.181,9999,高匿名,HTTP,广东省汕尾市  联通,1秒,2019-04-17 06:30:59
121.232.148.151,9000,高匿名,HTTP,中国 江苏省 镇江市 电信,1秒,2019-04-17 14:31:00
221.233.44.88,9999,高匿名,HTTP,湖北省荆州市  电信,2秒,2019-04-17 09:30:59
110.52.235.2,9999,高匿名,HTTP,湖南省岳阳市  联通,0.6秒,2019-04-17 20:31:01
116.209.52.245,9999,高匿名,HTTP,湖北省仙桃市  电信,3秒,2019-04-17 19:31:01
121.232.148.151,9000,高匿名,HTTP,中国 江苏省 镇江市 电信,1秒,2019-04-17 14:31:00
116.209.52.170,9999,高匿名,HTTP,湖北省仙桃市  电信,1秒,2019-04-17 18:31:01
115.151.7.181,9999,高匿名,HTTP,江西省宜春市  电信,1秒,2019-04-17 11:30:59
121.232.148.151,9000,高匿名,HTTP,中国 江苏省 镇江市 电信,1秒,2019-04-17 14:31:00
122.243.13.83,9000,高匿名,HTTP,浙江省金华市  电信,2秒,2019-04-17 10:30:57
123.146.236.195,53281,高匿名,HTTP,重庆市重庆市  联通,1秒,2019-04-17 12:30:57
163.125.31.110,8118,高匿名,HTTP,中国 广东省 深圳市 联通,1.0秒,2019-04-17 13:31:00
110.52.235.2,9999,高匿名,HTTP,湖南省岳阳市  联通,0.6秒,2019-04-17 20:31:01
221.233.44.88,9999,高匿名,HTTP,湖北省荆州市  电信,2秒,2019-04-17 09:30:59
116.209.52.245,9999,高匿名,HTTP,湖北省仙桃市  电信,3秒,2019-04-17 19:31:01
110.52.235.2,9999,高匿名,HTTP,湖南省岳阳市  联通,0.6秒,2019-04-17 20:31:01
122.243.13.83,9000,高匿名,HTTP,浙江省金华市  电信,2秒,2019-04-17 10:30:57
121.232.148.151,9000,高匿名,HTTP,中国 江苏省 镇江市 电信,1秒,2019-04-17 14:31:00
221.233.44.88,9999,高匿名,HTTP,湖北省荆州市  电信,2秒,2019-04-17 09:30:59
123.146.236.195,53281,高匿名,HTTP,重庆市重庆市  联通,1秒,2019-04-17 12:30:57
121.232.148.151,9000,高匿名,HTTP,中国 江苏省 镇江市 电信,1秒,2019-04-17 14:31:00
163.125.31.110,8118,高匿名,HTTP,中国 广东省 深圳市 联通,1.0秒,2019-04-17 13:31:00
60.13.42.24,9999,高匿名,HTTP,甘肃省平凉市  联通,1秒,2019-04-17 07:30:57
163.204.240.181,9999,高匿名,HTTP,广东省汕尾市  联通,1秒,2019-04-17 06:30:59
121.232.194.147,9000,高匿名,HTTP,中国 江苏省 镇江市 电信,3秒,2019-04-17 08:31:01
